"Imię";"Nazwisko";"Płeć";"Data ur.";"Telefon";"E-mail";"Miejscowość";"Zgoda RODO"
"Igor";"Nowak";"M";"14.05.2007";"721400101";"igor.nowak@example.com";"Wrocław";"Tak; zgoda na SMS"
"Lena";"Adamczyk";"K";"02.11.1998";"721400102";"lena.adamczyk@example.com";"Oława";"Tak"
"Jan";"Przykładowy";"M";"03.11.1985";"602345602";"jan.przykladowy@example.com";"Oława";"Tak"
"Hanna";"Kurek";"K";"31.02.2009";"721400104";"hanna.kurek@example.com";"Wrocław";"Tak; zgoda na SMS"
"Dawid";"Michalak";"M";"19.07.1991";"72140O105";"dawid.michalak@example.com";"Trzebnica";"Tak"
;;;;;;;
"Emilia";"Stępień";"K";"25.12.2004";"721400107";"emilia.stepienexample.com";"Oleśnica";"Tak"
"Marcel";"Kozłowski";"M";"08.03.2012";"721400108";"";"Wrocław";"Tak; zgoda na SMS"
"Alicja";"Wieczorek";"K";"30.09.1979";"721400109";"alicja.wieczorek@example.com";"Wrocław";"Tak"
"Kamil";"Jasiński";"M";"11.06.2000";"721400110";"kamil.jasinski@example.com";"Oleśnica";"Tak"
"Zuzanna";"Kalinowska";"K";"17.01.2010";"721400111";"";"Trzebnica";"Tak; zgoda na SMS"
"Oskar";"Pietrzak";"M";"05.08.1996";"721400112";"oskar.pietrzak@example.com";"Wrocław";"Tak"
"Natalia";"Szymańska";"K";"22.04.1989";"721400113";"natalia.szymanska@example.com";"Oława";"Tak"
